"","immigrant_code","group","grooming_rate","in_grooming_rate","out_grooming_rate","in_degree_normalized","out_degree_normalized","total_degree_normalized","eigenvector_centrality","total_grooming_days","in_grooming_days","out_grooming_days","days_observed","median_group_size","X","Mother","BirthGp","DOB","ImmigrationGp1","DateImmigration1","LastSeen1","Tenure","third_birthday","mother_present_all_3_years","mother_days_present","Momcode","mom_present_birth","found_days_birth","mother_avg_elo","ImmigBirthday1","IsPresentOnBirthday","HasConflictsAfterImmig","ConflictCountAfterImmig","elo_one_year_all","elo_one_year_male_male","elo_rating_date_one_year_all","elo_rating_date_one_year_male_male","n_conflicts_one_year_all","n_conflicts_one_year_male_male","elo_end_tenure_all","elo_end_tenure_male_male","elo_rating_date_end_tenure_all","elo_rating_date_end_tenure_male_male","n_conflicts_end_tenure_all","n_conflicts_end_tenure_male_male","immigration_birthday","days_diff_one_year_all","days_diff_one_year_male_male","days_diff_end_tenure_all","days_diff_end_tenure_male_male"
"1","afr","AK",0.154639175257732,0.144329896907216,0.0515463917525773,0.227272727272727,0.0681818181818182,0.25,0.15339435132162,15,14,5,97,45,1,"Asis","BD","2010-10-19","AK","2015-06-29","2016-02-16",232,"2013-10-19",TRUE,1097,"asis",TRUE,1097,NA,"2016-06-28",FALSE,TRUE,1,0.303,0.098,"2016-02-03","2015-10-17",7,1,0.303,0.098,"2016-02-03","2015-10-17",7,1,"2016-06-28",146,255,13,122
"2","mvu","BD",0.228346456692913,0.173228346456693,0.188976377952756,0.233333333333333,0.316666666666667,0.333333333333333,0.491052472170152,29,22,24,127,61,2,"Mamoobi","AK","2010-11-02","BD","2015-06-13","2016-12-17",553,"2013-11-02",TRUE,1097,"mamo",TRUE,1097,NA,"2016-06-12",TRUE,TRUE,4,0.462,0,"2016-03-30","2016-03-30",9,4,0.523,0.539,"2016-12-14","2016-11-10",31,17,"2016-06-12",74,74,3,37
"3","dub","NH",0.647058823529412,0.480392156862745,0.480392156862745,0.692307692307692,0.346153846153846,0.692307692307692,1,66,49,49,102,27,3,NA,NA,NA,"NH","2010-11-08","2012-10-27",719,NA,NA,NA,NA,FALSE,0,NA,"2011-11-08",TRUE,TRUE,2,1,1,"2011-09-03","2010-12-17",39,2,0.807,1,"2012-10-09","2012-10-09",70,26,"2011-11-08",66,326,18,18
"4","mil",NA,NA,NA,NA,NA,NA,NA,NA,NA,NA,NA,NA,NA,4,NA,NA,NA,"NH","2010-11-08","2011-03-30",142,NA,NA,NA,NA,FALSE,0,NA,"2011-11-08",TRUE,FALSE,0,NA,NA,NA,NA,0,0,NA,NA,NA,NA,0,0,"2011-11-08",NA,NA,NA,NA
"5","nap","NH",0,0,0,0,0,0,0,0,0,0,5,25,5,NA,NA,NA,"NH","2010-11-08","2011-01-24",77,NA,NA,NA,NA,FALSE,0,NA,"2011-11-08",FALSE,TRUE,2,0.257,0,"2010-12-17","2010-12-17",3,2,0.257,0,"2010-12-17","2010-12-17",3,2,"2011-11-08",326,326,38,38
"6","ado","BD",0,0,0,0,0,0,0,0,0,0,12,35,6,NA,NA,NA,"BD","2010-11-09","2011-02-08",91,NA,NA,NA,NA,FALSE,0,NA,"2011-11-09",FALSE,TRUE,1,0.75,1,"2010-12-23","2010-12-23",2,1,0.75,NA,"2010-12-23",NA,2,1,"2011-11-09",321,321,47,NA
"7","bab","NH",0.0888888888888889,0.0777777777777778,0.0555555555555556,0.113207547169811,0.0566037735849057,0.132075471698113,0.100797249470264,8,7,5,90,54,7,NA,"BD","2009-01-01","NH","2014-05-19","2016-04-19",701,"2012-01-01",NA,NA,NA,FALSE,0,NA,"2015-05-19",TRUE,TRUE,2,0.384,0,"2014-10-31","2014-10-31",3,2,0.414,0.18,"2016-04-08","2016-04-08",5,4,"2015-05-19",200,200,11,11
"8","bok","BD",0,0,0,0,0,0,0,0,0,0,13,35,8,NA,NA,NA,"BD","2010-11-09","2010-12-24",45,NA,NA,NA,NA,FALSE,0,NA,"2011-11-09",FALSE,FALSE,0,0.607,NA,"2010-12-24",NA,1,0,0.607,NA,"2010-12-24",NA,1,0,"2011-11-09",320,NA,0,NA
"9","lek","BD",0.133333333333333,0.133333333333333,0.0444444444444444,0.257142857142857,0.0571428571428571,0.257142857142857,0.147554674950424,12,12,4,90,36,9,NA,NA,NA,"BD","2010-11-09","2012-04-23",531,NA,NA,NA,NA,FALSE,0,NA,"2011-11-09",TRUE,TRUE,10,0.371,0.06,"2011-08-16","2011-08-16",18,10,0.329,0.144,"2012-03-22","2012-03-14",21,11,"2011-11-09",85,85,32,40
"10","lsko","NH",0.0606060606060606,0.0363636363636364,0.0545454545454545,0.0707964601769911,0.123893805309735,0.141592920353982,0.0773915438555381,10,6,9,165,57.5,10,NA,"BD","2009-01-01","NH","2014-05-19","2015-06-16",393,"2012-01-01",NA,NA,NA,FALSE,0,NA,"2015-05-19",TRUE,TRUE,3,0.363,0,"2015-04-23","2015-04-23",10,3,0.363,0,"2015-04-23","2015-04-23",10,3,"2015-05-19",26,26,54,54
"11","pik_2010","BD",0.5,0.5,0.153061224489796,0.485714285714286,0.171428571428571,0.485714285714286,0.722589929252564,49,49,15,98,36,11,NA,NA,NA,"BD","2010-11-09","2012-09-21",682,NA,NA,NA,NA,FALSE,0,NA,"2011-11-09",TRUE,TRUE,21,0.853,1,"2011-08-31","2011-08-31",48,21,0.543,0.399,"2012-08-30","2012-08-30",72,41,"2011-11-09",70,70,22,22
"12","sko",NA,NA,NA,NA,NA,NA,NA,NA,NA,NA,NA,NA,NA,12,NA,NA,NA,"BD","2010-11-09","2010-12-07",28,NA,NA,NA,NA,FALSE,0,NA,"2011-11-09",FALSE,FALSE,0,NA,NA,NA,NA,0,0,NA,NA,NA,NA,0,0,"2011-11-09",NA,NA,NA,NA
"13","kie","AK",0.166666666666667,0.0833333333333333,0.166666666666667,0,0.0217391304347826,0.0217391304347826,0,2,1,2,12,47,13,"Kaiki","BD","2010-11-23","AK","2015-07-20","2015-12-24",157,"2013-11-23",TRUE,1097,"kaik",TRUE,1097,0.105,"2016-07-19",FALSE,FALSE,0,0.321,NA,"2015-08-21",NA,1,0,0.321,NA,"2015-08-21",NA,1,0,"2016-07-19",333,NA,125,NA
"14","dwe","AK",0,0,0,0,0,0,0,0,0,0,4,39,14,"Dagga","BD","2010-01-01","AK","2016-01-26","2016-03-23",57,"2013-01-01",FALSE,636,"dagg",TRUE,636,NA,"2017-01-25",FALSE,FALSE,0,0.281,NA,"2016-01-29",NA,2,0,0.281,NA,"2016-01-29",NA,2,0,"2017-01-25",362,NA,54,NA
"15","wol","AK",0.16,0.0866666666666667,0.133333333333333,0.282051282051282,0.435897435897436,0.512820512820513,0.256868666360169,24,13,20,150,40,15,"Wietnie","BD","2010-01-01","AK","2015-07-20","2018-05-24",1039,"2013-01-01",TRUE,1097,"wiet",TRUE,1097,NA,"2016-07-19",TRUE,TRUE,3,0.765,0.743,"2016-07-02","2016-07-02",6,3,0.49,0,"2018-05-03","2018-05-03",37,21,"2016-07-19",17,17,21,21
"16","gig",NA,NA,NA,NA,NA,NA,NA,NA,NA,NA,NA,NA,NA,16,NA,NA,NA,"BD","2010-12-07","2010-12-07",0,NA,NA,NA,NA,FALSE,0,NA,"2011-12-07",FALSE,FALSE,0,NA,NA,NA,NA,0,0,NA,NA,NA,NA,0,0,"2011-12-07",NA,NA,NA,NA
"17","mfo","LT",0.142857142857143,0.114285714285714,0.0857142857142857,0.0731707317073171,0.024390243902439,0.0731707317073171,0.144779730340922,5,4,3,35,42,17,"Mamoobi","AK","2007-01-01","LT","2012-05-16","2014-10-21",888,"2010-01-01",TRUE,1097,"mamo",TRUE,1097,NA,"2013-05-16",TRUE,FALSE,0,0.515,NA,"2013-02-14",NA,2,0,0.234,0.028,"2014-05-31","2014-05-31",6,1,"2013-05-16",91,NA,143,143
"18","qui",NA,NA,NA,NA,NA,NA,NA,NA,NA,NA,NA,NA,NA,18,NA,"NH",NA,"LT","2011-11-19","2015-11-12",1454,NA,NA,NA,NA,FALSE,0,NA,"2012-11-18",FALSE,FALSE,0,NA,NA,NA,NA,0,0,0.49,0.907,"2015-11-05","2015-11-05",2,2,"2012-11-18",NA,NA,7,7
"19","oom","BD",0.300884955752212,0.300884955752212,0.0530973451327434,0.351351351351351,0.0810810810810811,0.351351351351351,0.234567765739004,34,34,6,113,38,19,NA,NA,NA,"BD","2010-12-24","2012-11-19",696,NA,NA,NA,NA,FALSE,0,NA,"2011-12-24",TRUE,TRUE,27,0.408,0,"2011-12-16","2011-12-06",53,27,0.405,0.283,"2012-09-17","2012-09-17",84,48,"2011-12-24",8,18,63,63
"20","bry","LT",0,0,0,0,0,0,0,0,0,0,13,28,20,NA,NA,NA,"LT","2011-01-16","2012-05-01",471,NA,NA,NA,NA,FALSE,0,NA,"2012-01-16",TRUE,TRUE,11,1,1,"2011-09-30","2011-09-30",13,11,1,1,"2011-09-30","2011-09-30",13,11,"2012-01-16",108,108,214,214
"21","oku","BD",0.372549019607843,0.343137254901961,0.191176470588235,0.692307692307692,0.519230769230769,0.730769230769231,0.328697604304307,76,70,39,204,53,21,NA,"AK","2007-01-01","BD","2013-02-19","2014-09-08",566,"2010-01-01",NA,NA,NA,FALSE,0,NA,"2014-02-19",TRUE,TRUE,11,0.349,0,"2014-02-03","2013-11-13",17,11,0.448,0.401,"2014-08-23","2014-08-23",23,17,"2014-02-19",16,98,16,16
"22","wil",NA,NA,NA,NA,NA,NA,NA,NA,NA,NA,NA,NA,NA,22,NA,NA,NA,"LT","2011-01-19","2012-02-14",391,NA,NA,NA,NA,FALSE,0,NA,"2012-01-19",TRUE,FALSE,0,NA,NA,NA,NA,0,0,0.694,0.709,"2012-01-28","2012-01-28",1,1,"2012-01-19",NA,NA,17,17
"23","jam","LT",0.0588235294117647,0.0588235294117647,0,0.0333333333333333,0,0.0333333333333333,0.0466341295423234,1,1,0,17,31,23,NA,NA,NA,"LT","2011-01-28","2012-06-08",497,NA,NA,NA,NA,FALSE,0,NA,"2012-01-28",TRUE,TRUE,11,0.622,0.623,"2012-01-03","2012-01-03",11,11,0.622,0.623,"2012-01-03","2012-01-03",11,11,"2012-01-28",25,25,157,157
"24","don","LT",0.111111111111111,0.111111111111111,0.111111111111111,0,0,0,0,1,1,1,9,45,24,"Dagga","BD","2009-01-01","LT","2015-04-03","2018-11-16",1323,"2012-01-01",FALSE,270,"dagg",TRUE,270,NA,"2016-04-02",TRUE,TRUE,3,0.457,0.2,"2015-06-26","2015-06-26",3,3,0.884,1,"2018-11-10","2018-04-05",27,14,"2016-04-02",281,281,6,225
"25","ert",NA,NA,NA,NA,NA,NA,NA,NA,NA,NA,NA,NA,NA,25,NA,"BD",NA,"NH","2012-04-26","2015-12-11",1324,NA,NA,NA,NA,FALSE,0,NA,"2013-04-26",TRUE,FALSE,0,NA,NA,NA,NA,0,0,0.59,0.767,"2015-11-26","2015-11-26",5,4,"2013-04-26",NA,NA,15,15
"26","gro",NA,NA,NA,NA,NA,NA,NA,NA,NA,NA,NA,NA,NA,26,NA,"BD",NA,"NH","2012-05-01","2013-01-25",269,NA,NA,NA,NA,FALSE,0,NA,"2013-05-01",FALSE,FALSE,0,NA,NA,NA,NA,0,0,NA,NA,NA,NA,0,0,"2013-05-01",NA,NA,NA,NA
"27","ham","AK",0.187772925764192,0.152838427947598,0.0786026200873362,0.27027027027027,0.216216216216216,0.297297297297297,0.122730886694062,43,35,18,229,38,27,NA,"LT","2007-01-01","AK","2013-05-24","2014-05-26",367,"2010-01-01",NA,NA,NA,FALSE,0,NA,"2014-05-24",TRUE,TRUE,8,0.39,0.216,"2014-05-23","2014-05-23",12,8,0.39,0.216,"2014-05-23","2014-05-23",12,8,"2014-05-24",1,1,3,3
"28","rus","BD",0.24113475177305,0.212765957446809,0.113475177304965,0.512820512820513,0.230769230769231,0.538461538461538,0.290287449477216,34,30,16,141,40,28,NA,NA,NA,"BD","2011-05-08","2013-12-16",953,NA,NA,NA,NA,FALSE,0,NA,"2012-05-07",TRUE,TRUE,36,0.539,0.586,"2012-04-24","2012-04-24",62,36,0.941,1,"2013-12-16","2013-12-16",109,67,"2012-05-07",13,13,0,0
"29","elt","AK",0.0204081632653061,0,0.0204081632653061,0,0.0882352941176471,0.0882352941176471,1.70242552296712e-05,3,0,3,147,35,29,NA,"LT","2006-01-01","AK","2012-01-28","2016-01-18",1451,"2009-01-01",NA,NA,NA,FALSE,0,NA,"2013-01-27",TRUE,TRUE,9,0.106,0,"2012-11-26","2012-11-26",9,9,0.797,1,"2015-12-24","2015-10-17",65,40,"2013-01-27",62,62,25,93
"30","har","LT",0,0,0,0,0,0,0,0,0,0,27,35,30,NA,NA,NA,"LT","2011-06-09","2012-08-28",446,NA,NA,NA,NA,FALSE,0,NA,"2012-06-08",TRUE,TRUE,1,0.816,0.819,"2012-06-08","2012-06-08",1,1,0.816,0.819,"2012-06-08","2012-06-08",1,1,"2012-06-08",0,0,81,81
"31","new","LT",0.037037037037037,0.037037037037037,0,0.0285714285714286,0,0.0285714285714286,0.0458055576417566,1,1,0,27,36,31,NA,NA,NA,"LT","2011-07-09","2014-01-25",931,NA,NA,NA,NA,FALSE,0,NA,"2012-07-08",TRUE,TRUE,13,0,0,"2012-06-12","2012-06-12",15,13,0,0,"2013-10-28","2013-10-28",17,14,"2012-07-08",26,26,89,89
"32","the","LT",0.0384615384615385,0.0384615384615385,0,0.0277777777777778,0,0.0277777777777778,0.047494853550078,1,1,0,26,37,32,NA,NA,NA,"LT","2011-08-09","2012-02-09",184,NA,NA,NA,NA,FALSE,0,NA,"2012-08-08",TRUE,TRUE,8,1,1,"2012-06-04","2012-06-04",8,8,0.659,0.66,"2012-01-28","2012-01-28",7,7,"2012-08-08",65,65,12,12
"33","hwa","BD",0.350649350649351,0.277056277056277,0.233766233766234,0.74,0.68,0.86,0.255611316079909,81,64,54,231,51,33,"Hamba","AK","2011-09-16","BD","2016-06-07","2017-12-11",552,"2014-09-16",TRUE,1097,"hamb",TRUE,1097,0.558,"2017-06-07",TRUE,TRUE,25,0.485,0.058,"2017-05-29","2017-05-27",49,25,0.629,0.648,"2017-12-08","2017-12-08",108,71,"2017-06-07",9,11,3,3
"34","vin","BD",0.244525547445255,0.160583941605839,0.138686131386861,0.574074074074074,0.37037037037037,0.648148148148148,0.0963001676419292,67,44,38,274,55,34,"Victoria","LT","2011-10-01","BD","2017-02-13","2018-11-19",644,"2014-10-01",TRUE,1097,"vict",TRUE,1097,0.237,"2018-02-13",TRUE,TRUE,17,0.551,0.339,"2018-02-02","2017-12-18",30,17,0.525,0.3,"2018-11-17","2018-11-17",70,52,"2018-02-13",11,57,2,2
"35","spo",NA,NA,NA,NA,NA,NA,NA,NA,NA,NA,NA,NA,NA,35,"Snortjie","BD","2011-10-01","CR","2016-06-23","2018-04-07",653,"2014-10-01",TRUE,1097,"snor",TRUE,1097,0.332,"2017-06-23",TRUE,FALSE,0,NA,NA,NA,NA,0,0,1,1,"2017-09-16","2017-09-16",1,1,"2017-06-23",NA,NA,203,203
"36","nok",NA,NA,NA,NA,NA,NA,NA,NA,NA,NA,NA,NA,NA,36,"Numbies","BD","2011-10-26","CR","2016-06-15","2017-01-04",203,"2014-10-26",TRUE,1097,"numb",TRUE,1097,0.272,"2017-06-15",FALSE,TRUE,1,NA,NA,NA,NA,1,1,NA,NA,NA,NA,1,1,"2017-06-15",NA,NA,NA,NA
"37","lom",NA,NA,NA,NA,NA,NA,NA,NA,NA,NA,NA,NA,NA,37,"Lausanne","NH","2011-10-27","5males","2016-07-14","2016-07-14",0,"2014-10-27",FALSE,818,"laus",FALSE,818,0.341,"2017-07-14",NA,FALSE,0,NA,NA,NA,NA,0,0,NA,NA,NA,NA,0,0,"2017-07-14",NA,NA,NA,NA
"38","ogi",NA,NA,NA,NA,NA,NA,NA,NA,NA,NA,NA,NA,NA,38,"Oulik","BD","2011-11-02","CR","2016-06-10","2018-07-20",770,"2014-11-02",TRUE,1097,"ouli",TRUE,1097,0.977,"2017-06-10",TRUE,FALSE,0,NA,NA,NA,NA,0,0,0,0,"2017-12-05","2017-12-05",6,6,"2017-06-10",NA,NA,227,227
"39","art","LT",0,0,0,0,0,0,0,0,0,0,7,35,39,NA,NA,NA,"LT","2011-11-03","2012-02-14",103,NA,NA,NA,NA,FALSE,0,NA,"2012-11-02",TRUE,TRUE,1,0.472,0.463,"2012-01-03","2012-01-03",1,1,0.472,0.463,"2012-01-03","2012-01-03",1,1,"2012-11-02",304,304,42,42
"40","nil",NA,NA,NA,NA,NA,NA,NA,NA,NA,NA,NA,NA,NA,40,NA,NA,NA,"KB","2011-11-05","2014-11-17",1108,NA,NA,NA,NA,FALSE,0,NA,"2012-11-04",TRUE,FALSE,0,NA,NA,NA,NA,0,0,1,1,"2014-10-28","2014-09-25",9,4,"2012-11-04",NA,NA,20,53
"41","akk",NA,NA,NA,NA,NA,NA,NA,NA,NA,NA,NA,NA,NA,41,"Asis","BD","2011-11-07","CR","2016-06-10","2018-07-20",770,"2014-11-07",TRUE,1097,"asis",TRUE,1097,0.637,"2017-06-10",TRUE,FALSE,0,NA,NA,NA,NA,0,0,0.293,0.341,"2017-11-08","2017-11-08",3,3,"2017-06-10",NA,NA,254,254
"42","poe",NA,NA,NA,NA,NA,NA,NA,NA,NA,NA,NA,NA,NA,42,"Prinses","BD","2011-11-11","CR","2016-06-15","2018-07-20",765,"2014-11-11",TRUE,1097,"prin",TRUE,1097,0.736,"2017-06-15",TRUE,TRUE,1,NA,NA,NA,NA,1,1,1,1,"2017-12-05","2017-12-05",8,8,"2017-06-15",NA,NA,227,227
"43","jun",NA,NA,NA,NA,NA,NA,NA,NA,NA,NA,NA,NA,NA,43,"Jakarta","NH","2011-11-20","IF","2016-04-14","2016-10-25",194,"2014-11-20",TRUE,1097,"jaka",TRUE,1097,0.293,"2017-04-14",NA,FALSE,0,NA,NA,NA,NA,0,0,NA,NA,NA,NA,0,0,"2017-04-14",NA,NA,NA,NA
"44","ubu","BD",0.2,0.156521739130435,0.134782608695652,0.56,0.46,0.7,0.133035190305484,46,36,31,230,51,44,"Ulaka","AK","2011-11-21","BD","2016-05-28","2020-06-06",1470,"2014-11-21",FALSE,664,"ulak",FALSE,664,0.733,"2017-05-28",TRUE,TRUE,11,0.311,0.624,"2017-05-22","2017-04-28",17,11,0.77,0.801,"2020-05-09","2020-05-09",140,90,"2017-05-28",6,30,28,28
"45","ulu",NA,NA,NA,NA,NA,NA,NA,NA,NA,NA,NA,NA,NA,45,"Uppsala","NH","2011-12-01","5males","2016-07-14","2016-07-14",0,"2014-12-01",TRUE,1097,"upps",TRUE,1097,0.508,"2017-07-14",NA,FALSE,0,NA,NA,NA,NA,0,0,NA,NA,NA,NA,0,0,"2017-07-14",NA,NA,NA,NA
"46","roo","CR",0.346153846153846,0.230769230769231,0.230769230769231,0.17948717948718,0.230769230769231,0.256410256410256,0.902912801424384,18,12,12,52,40,46,"Rissiepit","BD","2011-12-05","CR","2017-05-10","2018-07-20",436,"2014-12-05",TRUE,1097,"riss",TRUE,1097,0.135,"2018-05-10",TRUE,TRUE,1,0.638,0.705,"2017-11-13","2017-11-13",1,1,0.638,0.705,"2017-11-13","2017-11-13",1,1,"2018-05-10",178,178,249,249
"47","neu","BD",0.221428571428571,0.192857142857143,0.0928571428571429,0.310344827586207,0.155172413793103,0.344827586206897,0.14101397156908,31,27,13,140,59,47,NA,"NH","2009-01-01","BD","2014-05-14","2020-12-14",2406,"2012-01-01",NA,NA,NA,FALSE,0,NA,"2015-05-14",TRUE,TRUE,10,0.509,0.708,"2014-12-08","2014-12-08",16,10,1,0.934,"2020-11-16","2020-11-16",290,188,"2015-05-14",157,157,28,28
"48","tor","BD",0.14207650273224,0.092896174863388,0.109289617486339,0.206896551724138,0.241379310344828,0.275862068965517,0.0674045348931382,26,17,20,183,59,48,"Troia","NH","2009-01-01","BD","2014-06-16","2016-02-13",607,"2012-01-01",FALSE,420,"troi",TRUE,420,NA,"2015-06-16",TRUE,TRUE,2,0.325,0.271,"2015-02-19","2014-12-08",6,2,0.502,0.321,"2015-12-11","2015-12-11",12,6,"2015-06-16",117,190,64,64
"49","zur","BD",0.115384615384615,0.0923076923076923,0.0846153846153846,0.189655172413793,0.172413793103448,0.275862068965517,0.115624497625193,15,12,11,130,59,49,"Zara","NH","2009-01-01","BD","2014-06-03","2016-02-15",622,"2012-01-01",FALSE,420,"zara",TRUE,420,NA,"2015-06-03",TRUE,TRUE,5,0.315,0,"2014-12-01","2014-12-01",9,5,0.488,0,"2015-12-08","2015-11-12",24,10,"2015-06-03",184,184,69,95
"50","pue",NA,NA,NA,NA,NA,NA,NA,NA,NA,NA,NA,NA,NA,50,"Paris","NH","2011-12-27","5males","2016-07-14","2016-07-14",0,"2014-12-27",TRUE,1097,"pari",TRUE,1097,0.711,"2017-07-14",NA,FALSE,0,NA,NA,NA,NA,0,0,NA,NA,NA,NA,0,0,"2017-07-14",NA,NA,NA,NA
"51","bon","AK",0.00588235294117647,0.00588235294117647,0,0.0294117647058824,0,0.0294117647058824,0.000236167205002356,1,1,0,170,35,51,NA,NA,NA,"AK","2012-01-28","2013-04-25",453,NA,NA,NA,NA,FALSE,0,NA,"2013-01-27",TRUE,TRUE,11,0.341,0.484,"2013-01-07","2013-01-07",13,11,0.361,0.258,"2013-04-22","2013-04-22",17,13,"2013-01-27",20,20,3,3
"52","gov",NA,NA,NA,NA,NA,NA,NA,NA,NA,NA,NA,NA,NA,52,"Gagasa","AK","2008-01-01","Intaka","2014-01-31","2014-06-13",133,"2011-01-01",TRUE,1097,"gaga",TRUE,1097,NA,"2015-01-31",NA,FALSE,0,NA,NA,NA,NA,0,0,NA,NA,NA,NA,0,0,"2015-01-31",NA,NA,NA,NA
"53","mna","LT",0.291666666666667,0.208333333333333,0.125,0.186046511627907,0.116279069767442,0.27906976744186,0.581155100846262,14,10,6,48,44,53,"Mamoobi","AK","2009-01-01","LT","2015-01-19","2018-06-07",1235,"2012-01-01",TRUE,1096,"mamo",TRUE,1096,NA,"2016-01-19",TRUE,TRUE,4,0.705,1,"2015-11-14","2015-11-14",4,4,0.502,0,"2018-04-05","2018-04-05",26,17,"2016-01-19",66,66,63,63
"54","vol","LT",0,0,0,0,0,0,0,0,0,0,1,38,54,NA,NA,NA,"LT","2012-02-03","2014-06-03",851,NA,NA,NA,NA,FALSE,0,NA,"2013-02-02",TRUE,TRUE,1,0.457,0.428,"2012-06-12","2012-06-12",1,1,0.424,0.562,"2013-10-28","2013-10-28",2,2,"2013-02-02",235,235,218,218
"55","ahe","AK",0.211538461538462,0.173076923076923,0.192307692307692,0.36,0.52,0.56,0.231725936664116,22,18,20,104,26,55,NA,NA,NA,"AK","2010-12-18","2012-02-24",433,NA,NA,NA,NA,FALSE,0,NA,"2011-12-18",TRUE,TRUE,5,0.981,1,"2011-12-15","2011-12-15",24,5,0.981,1,"2011-12-15","2011-12-15",24,5,"2011-12-18",3,3,71,71
"56","auc","NH",0.0263157894736842,0.0263157894736842,0,0.0294117647058824,0,0.0294117647058824,0.022189693107296,1,1,0,38,35,56,NA,NA,NA,"NH","2012-02-27","2014-09-25",941,NA,NA,NA,NA,FALSE,0,NA,"2013-02-26",TRUE,TRUE,2,0.336,0,"2012-05-29","2012-05-29",2,2,0.599,1,"2014-07-18","2014-06-21",11,9,"2013-02-26",273,273,69,96
"57","sty",NA,NA,NA,NA,NA,NA,NA,NA,NA,NA,NA,NA,NA,57,NA,"KB","2009-01-01","NH","2014-05-24","2016-03-29",675,"2012-01-01",NA,NA,NA,FALSE,0,NA,"2015-05-24",TRUE,FALSE,0,NA,NA,NA,NA,0,0,0.528,0.56,"2015-12-31","2015-12-31",5,5,"2015-05-24",NA,NA,89,89
"58","twe",NA,NA,NA,NA,NA,NA,NA,NA,NA,NA,NA,NA,NA,58,NA,"KB","2010-12-01","NH","2014-05-24","2019-09-06",1931,"2013-12-01",NA,NA,NA,FALSE,0,NA,"2015-05-24",TRUE,FALSE,0,NA,NA,NA,NA,0,0,0.846,1,"2019-09-04","2019-08-30",148,50,"2015-05-24",NA,NA,2,7
"59","che","NH",0.374269005847953,0.333333333333333,0.274853801169591,0.547619047619048,0.30952380952381,0.571428571428571,0.695922809261658,64,57,47,171,43,59,NA,NA,NA,"NH","2012-04-28","2014-05-26",758,NA,NA,NA,NA,FALSE,0,NA,"2013-04-28",TRUE,TRUE,27,0.582,0,"2013-04-22","2013-04-22",38,27,0.741,0.427,"2014-05-24","2014-05-24",51,33,"2013-04-28",6,6,2,2
"60","gel","LT",0,0,0,0,0,0,0,0,0,0,4,40,60,"Gagasa","AK","2007-01-01","LT","2012-06-04","2013-10-28",511,"2010-01-01",TRUE,1097,"gaga",TRUE,1097,NA,"2013-06-04",TRUE,TRUE,2,0.266,0.418,"2012-09-29","2012-09-29",3,2,0.216,0.085,"2013-10-28","2013-10-28",8,5,"2013-06-04",248,248,0,0
"61","sha","LT",0,0,0,0,0,0,0,0,0,0,4,40,61,NA,NA,NA,"LT","2012-06-08","2015-02-23",990,NA,NA,NA,NA,FALSE,0,NA,"2013-06-08",TRUE,TRUE,1,0.705,0.862,"2012-09-29","2012-09-29",1,1,0.696,0.131,"2014-09-17","2014-07-28",18,4,"2013-06-08",252,252,159,210
"62","edw",NA,NA,NA,NA,NA,NA,NA,NA,NA,NA,NA,NA,NA,62,NA,NA,NA,"LT","2012-06-12","2014-11-12",883,NA,NA,NA,NA,FALSE,0,NA,"2013-06-12",TRUE,FALSE,0,NA,NA,NA,NA,0,0,0.996,1,"2014-08-29","2014-07-28",11,5,"2013-06-12",NA,NA,75,107
"63","gar",NA,NA,NA,NA,NA,NA,NA,NA,NA,NA,NA,NA,NA,63,"Geneva","NH","2012-10-11","5males","2016-07-14","2016-07-14",0,"2015-10-11",TRUE,1096,"gene",TRUE,1096,0.953,"2017-07-14",NA,FALSE,0,NA,NA,NA,NA,0,0,NA,NA,NA,NA,0,0,"2017-07-14",NA,NA,NA,NA
"64","nyo","BD",0.438247011952191,0.235059760956175,0.354581673306773,0.566666666666667,0.583333333333333,0.7,0.251778971885892,110,59,89,251,61,64,"Nkosikasi","AK","2012-10-22","BD","2017-05-16","2018-11-19",552,"2015-10-22",FALSE,0,NA,FALSE,0,NA,"2018-05-16",TRUE,TRUE,26,0.394,0.208,"2018-04-06","2018-04-06",41,26,0.51,0.306,"2018-10-25","2018-10-25",66,49,"2018-05-16",40,40,25,25
"65","unw","BD",0.452513966480447,0.29608938547486,0.363128491620112,0.611111111111111,0.574074074074074,0.796296296296296,0.263628016490887,81,53,65,179,55,65,"Ulaka","AK","2012-10-22","BD","2017-05-04","2017-12-07",217,"2015-10-22",FALSE,328,"ulak",FALSE,328,0.7,"2018-05-04",FALSE,TRUE,18,0.541,0.468,"2017-12-06","2017-12-06",31,18,0.541,0.468,"2017-12-06","2017-12-06",31,18,"2018-05-04",149,149,1,1
"66","rhe","BD",0.120171673819742,0.0987124463519313,0.0386266094420601,0.338983050847458,0.152542372881356,0.372881355932203,0.0668062177328582,28,23,9,233,60,66,"Roma","NH","2012-10-27","BD","2017-12-05","2021-09-27",1392,"2015-10-27",TRUE,1096,"roma",TRUE,1096,0.114,"2018-12-05",TRUE,TRUE,17,0.558,0.531,"2018-12-03","2018-12-03",20,17,0.399,0.454,"2021-09-17","2021-09-17",110,80,"2018-12-05",2,2,10,10
"67","vul","NH",0.276190476190476,0.233333333333333,0.161904761904762,0.630434782608696,0.434782608695652,0.695652173913043,0.0865648389944397,58,49,34,210,47,67,"Vroutjie","BD","2012-11-14","NH","2020-04-16","2025-03-17",1796,"2015-11-14",TRUE,1096,"vrou",TRUE,1096,NA,"2021-04-16",TRUE,TRUE,17,0.294,0.574,"2021-04-07","2021-04-07",28,17,0.554,0.577,"2024-11-04","2024-11-04",154,105,"2021-04-16",9,9,133,133
"68","hlo","BD",0.356115107913669,0.23021582733813,0.266187050359712,0.576271186440678,0.661016949152542,0.76271186440678,0.187754289432102,99,64,74,278,60,68,"Hleka","AK","2012-12-23","BD","2017-05-16","2019-11-20",918,"2015-12-23",FALSE,1059,"hlek",FALSE,1059,0.564,"2018-05-16",TRUE,TRUE,33,0.383,0,"2018-05-15","2018-05-15",58,33,0.697,0.526,"2019-10-31","2019-10-30",131,76,"2018-05-16",1,1,20,21
"69","fud","AK",0.0593607305936073,0.0593607305936073,0.0228310502283105,0.243243243243243,0.0540540540540541,0.243243243243243,0.043658752784167,13,13,5,219,38,69,NA,NA,NA,"AK","2013-06-11","2015-09-11",822,NA,NA,NA,NA,FALSE,0,NA,"2014-06-11",TRUE,TRUE,4,0.298,0,"2014-05-26","2014-05-26",4,4,0.368,0.178,"2015-06-02","2015-06-02",10,8,"2014-06-11",16,16,101,101
"70","can","NH",0.0606060606060606,0.0606060606060606,0.0303030303030303,0.116279069767442,0.0465116279069767,0.116279069767442,0.0587279381454739,6,6,3,99,44,70,NA,NA,NA,"NH","2013-06-28","2016-02-25",972,NA,NA,NA,NA,FALSE,0,NA,"2014-06-28",TRUE,TRUE,4,0.37,0.024,"2014-01-03","2014-01-03",5,4,0.397,0,"2015-08-21","2015-08-21",6,5,"2014-06-28",176,176,188,188
"71","uji",NA,NA,NA,NA,NA,NA,NA,NA,NA,NA,NA,NA,NA,71,"Uppsala","NH","2013-10-31","Jacaranda","2018-05-26","2018-05-26",0,"2016-10-31",TRUE,1097,"upps",TRUE,1097,0.681,"2019-05-26",NA,FALSE,0,NA,NA,NA,NA,0,0,NA,NA,NA,NA,0,0,"2019-05-26",NA,NA,NA,NA
"72","avo","NH",0.133333333333333,0.133333333333333,0,0.0975609756097561,0,0.0975609756097561,0.0797167060141954,2,2,0,15,42,72,"Amazon","KB","2013-11-11","NH","2018-05-14","2018-06-12",29,"2016-11-11",FALSE,561,"amaz",FALSE,561,0.497,"2019-05-14",TRUE,TRUE,1,0.387,0,"2018-05-31","2018-05-31",2,1,0.387,0,"2018-05-31","2018-05-31",2,1,"2019-05-14",348,348,12,12
"73","gla",NA,NA,NA,NA,NA,NA,NA,NA,NA,NA,NA,NA,NA,73,"Geneva","NH","2013-11-12","Jacaranda","2018-05-28","2018-05-28",0,"2016-11-12",TRUE,1097,"gene",TRUE,1097,0.94,"2019-05-28",NA,FALSE,0,NA,NA,NA,NA,0,0,NA,NA,NA,NA,0,0,"2019-05-28",NA,NA,NA,NA
"74","yan","NH",0.320175438596491,0.236842105263158,0.206140350877193,0.476190476190476,0.571428571428571,0.619047619047619,0.167806488612554,73,54,47,228,43,74,"Yenissei","KB","2013-01-01","NH","2018-05-14","2020-01-27",623,"2016-01-01",TRUE,1096,"yeni",TRUE,1096,NA,"2019-05-14",TRUE,TRUE,13,0.219,0,"2019-05-11","2019-04-10",39,13,0.438,0,"2019-12-02","2019-08-17",47,19,"2019-05-14",3,34,56,163
"75","jag","BD",0.0866666666666667,0.0733333333333333,0.04,0.172413793103448,0.0689655172413793,0.189655172413793,0.0831973958059637,13,11,6,150,59,75,NA,NA,NA,"BD","2014-05-08","2015-01-10",247,NA,NA,NA,NA,FALSE,0,NA,"2015-05-08",FALSE,TRUE,2,0.461,0.595,"2014-12-23","2014-12-23",2,2,0.461,0.595,"2014-12-23","2014-12-23",2,2,"2015-05-08",136,136,18,18
"76","dow",NA,NA,NA,NA,NA,NA,NA,NA,NA,NA,NA,NA,NA,76,NA,NA,NA,"LT","2014-05-28","2014-07-09",42,NA,NA,NA,NA,FALSE,0,NA,"2015-05-28",FALSE,FALSE,0,NA,NA,NA,NA,0,0,NA,NA,NA,NA,0,0,"2015-05-28",NA,NA,NA,NA
"77","umz","AK",0.0333333333333333,0.0222222222222222,0.0166666666666667,0.0465116279069767,0.0232558139534884,0.0697674418604651,0.0318480810708254,6,4,3,180,44,77,NA,NA,NA,"AK","2014-06-09","2015-09-12",460,NA,NA,NA,NA,FALSE,0,NA,"2015-06-09",TRUE,TRUE,5,0.167,0,"2015-06-02","2015-06-02",5,5,0.167,0,"2015-06-02","2015-06-02",5,5,"2015-06-09",7,7,102,102
"78","dap","BD",0.0954773869346734,0.0753768844221105,0.0653266331658292,0.209677419354839,0.161290322580645,0.258064516129032,0.0612485520796363,19,15,13,199,63,78,NA,NA,NA,"BD","2014-07-01","2016-01-27",575,NA,NA,NA,NA,FALSE,0,NA,"2015-07-01",TRUE,TRUE,1,0.376,0.393,"2015-04-25","2015-04-25",1,1,0.349,0.341,"2015-11-27","2015-07-18",5,2,"2015-07-01",67,67,61,193
"79","ada","LT",0.164179104477612,0.134328358208955,0.0447761194029851,0.0909090909090909,0.0454545454545455,0.113636363636364,0.434369554083255,11,9,3,67,45,79,NA,NA,NA,"LT","2014-08-14","2016-11-14",823,NA,NA,NA,NA,FALSE,0,NA,"2015-08-14",TRUE,TRUE,3,0.385,0,"2015-06-26","2015-06-26",5,3,0.181,0,"2016-10-11","2016-10-11",13,10,"2015-08-14",49,49,34,34
"80","gaa",NA,NA,NA,NA,NA,NA,NA,NA,NA,NA,NA,NA,NA,80,"Gesels","BD","2014-10-20","CR","2019-06-18","2019-06-18",0,"2017-10-20",TRUE,1097,"gese",TRUE,1097,0.44,"2020-06-17",FALSE,FALSE,0,NA,NA,NA,NA,0,0,NA,NA,NA,NA,0,0,"2020-06-17",NA,NA,NA,NA
"81","mat","BD",0.276018099547511,0.20814479638009,0.194570135746606,0.467741935483871,0.419354838709677,0.564516129032258,0.20681880192784,61,46,43,221,63,81,"Mamoobi","AK","2014-10-21","BD","2020-02-17","2021-01-30",348,"2017-10-21",TRUE,1097,"mamo",TRUE,1097,0.137,"2021-02-16",TRUE,TRUE,16,0.495,0.24,"2021-01-13","2021-01-13",21,16,0.495,0.24,"2021-01-13","2021-01-13",21,16,"2021-02-16",34,34,17,17
"82","hei",NA,NA,NA,NA,NA,NA,NA,NA,NA,NA,NA,NA,NA,82,"Heerlik","BD","2014-10-31","CR","2021-04-01","2021-04-02",1,"2017-10-31",TRUE,1097,"heer",TRUE,1097,0.488,"2022-04-01",FALSE,FALSE,0,NA,NA,NA,NA,0,0,NA,NA,NA,NA,0,0,"2022-04-01",NA,NA,NA,NA
"83","ihl",NA,NA,NA,NA,NA,NA,NA,NA,NA,NA,NA,NA,NA,83,"Isilonda","AK","2014-11-03","IF","2016-04-29","2017-04-07",343,"2017-11-03",FALSE,887,"isil",FALSE,887,0.264,"2017-04-29",NA,FALSE,0,NA,NA,NA,NA,0,0,NA,NA,NA,NA,0,0,"2017-04-29",NA,NA,NA,NA
"84","ted","BD",0.14406779661017,0.10593220338983,0.10593220338983,0.27536231884058,0.27536231884058,0.405797101449275,0.086122022045645,34,25,25,236,70,84,"Chiloe","CR","2014-11-12","BD","2019-05-25","2022-05-19",1090,"2017-11-12",FALSE,1042,"chil",TRUE,1042,NA,"2020-05-24",TRUE,TRUE,26,0.305,0,"2020-05-09","2020-05-09",41,26,0.085,0,"2022-05-10","2022-05-10",108,67,"2020-05-24",15,15,9,9
"85","obe","CR",0.24,0.16,0.08,0.117647058823529,0.0294117647058824,0.147058823529412,0.335526520251975,6,4,2,25,35,85,"Oulik","BD","2014-11-15","CR","2020-08-06","2022-02-22",565,"2017-11-15",TRUE,1097,"ouli",TRUE,1097,0.988,"2021-08-06",TRUE,TRUE,2,0,0,"2021-06-23","2021-06-23",2,2,0.494,0,"2022-02-07","2022-02-07",8,4,"2021-08-06",44,44,15,15
"86","pro","BD",0.172,0.14,0.092,0.303030303030303,0.242424242424242,0.378787878787879,0.125829493324439,43,35,23,250,67,86,"Pretoria","NH","2014-11-19","BD","2019-07-13","2022-04-16",1008,"2017-11-19",TRUE,1097,"pret",TRUE,1097,0.426,"2020-07-12",TRUE,TRUE,12,0.633,0.412,"2020-07-08","2020-07-01",22,12,0.609,1,"2022-04-13","2022-04-13",57,30,"2020-07-12",4,11,3,3
"87","tha","KB",0.1,0.1,0.0428571428571429,0.125,0.0416666666666667,0.166666666666667,0.132243032858871,7,7,3,70,25,87,NA,NA,NA,"KB","2014-11-19","2015-08-26",280,NA,NA,NA,NA,FALSE,0,NA,"2015-11-19",FALSE,TRUE,8,0.684,0.582,"2015-06-29","2015-06-29",8,8,0.684,0.582,"2015-06-29","2015-06-29",8,8,"2015-11-19",143,143,58,58
"88","jap",NA,NA,NA,NA,NA,NA,NA,NA,NA,NA,NA,NA,NA,88,NA,NA,NA,"CR","2014-11-20","2015-05-15",176,NA,NA,NA,NA,FALSE,0,NA,"2015-11-20",FALSE,FALSE,0,NA,NA,NA,NA,0,0,NA,NA,NA,NA,0,0,"2015-11-20",NA,NA,NA,NA
"89","ker",NA,NA,NA,NA,NA,NA,NA,NA,NA,NA,NA,NA,NA,89,NA,NA,NA,"CR","2014-12-30","2015-05-26",147,NA,NA,NA,NA,FALSE,0,NA,"2015-12-30",FALSE,FALSE,0,NA,NA,NA,NA,0,0,NA,NA,NA,NA,0,0,"2015-12-30",NA,NA,NA,NA
"90","pal","BD",0.408163265306122,0.282312925170068,0.319727891156463,0.703703703703704,0.648148148148148,0.814814814814815,0.262717574147232,120,83,94,294,55,90,NA,"CR","2012-01-01","BD","2016-12-07","2022-03-01",1910,"2015-01-01",NA,NA,NA,FALSE,0,NA,"2017-12-07",TRUE,TRUE,58,0.733,1,"2017-12-06","2017-12-06",95,58,0.75,1,"2022-02-07","2022-01-18",377,251,"2017-12-07",1,1,22,42
"91","sol",NA,NA,NA,NA,NA,NA,NA,NA,NA,NA,NA,NA,NA,91,NA,NA,NA,"CR","2014-12-30","2017-01-28",760,NA,NA,NA,NA,FALSE,0,NA,"2015-12-30",TRUE,FALSE,0,NA,NA,NA,NA,0,0,NA,NA,NA,NA,0,0,"2015-12-30",NA,NA,NA,NA
"92","boc",NA,NA,NA,NA,NA,NA,NA,NA,NA,NA,NA,NA,NA,92,NA,NA,NA,"CR","2014-12-31","2017-01-21",752,NA,NA,NA,NA,FALSE,0,NA,"2015-12-31",TRUE,FALSE,0,NA,NA,NA,NA,0,0,NA,NA,NA,NA,0,0,"2015-12-31",NA,NA,NA,NA
"93","han","BD",0.281954887218045,0.225563909774436,0.161654135338346,0.457627118644068,0.440677966101695,0.559322033898305,0.12362326110591,75,60,43,266,60,93,NA,"CR","2012-01-01","BD","2017-05-06","2020-03-04",1033,"2015-01-01",NA,NA,NA,FALSE,0,NA,"2018-05-06",TRUE,TRUE,25,0.391,0.073,"2018-04-18","2018-04-06",32,25,0.401,0.079,"2020-02-26","2020-02-26",91,68,"2018-05-06",18,30,7,7
"94","mac",NA,NA,NA,NA,NA,NA,NA,NA,NA,NA,NA,NA,NA,94,NA,NA,NA,"CR","2014-12-31","2016-05-20",506,NA,NA,NA,NA,FALSE,0,NA,"2015-12-31",TRUE,FALSE,0,NA,NA,NA,NA,0,0,NA,NA,NA,NA,0,0,"2015-12-31",NA,NA,NA,NA
"95","sey","BD",0.212669683257919,0.108597285067873,0.144796380090498,0.333333333333333,0.347826086956522,0.434782608695652,0.124820816058278,47,24,32,221,70,95,"Samoa","CR","2014-01-01","BD","2019-05-21","2024-03-07",1752,"2017-01-01",FALSE,733,"samo",TRUE,733,NA,"2020-05-20",TRUE,TRUE,12,0.461,0.209,"2020-04-03","2020-04-03",25,12,0.752,0.909,"2024-02-13","2023-12-05",169,77,"2020-05-20",47,47,23,93
"96","hen",NA,NA,NA,NA,NA,NA,NA,NA,NA,NA,NA,NA,NA,96,NA,NA,NA,"CR","2015-01-06","2015-05-26",140,NA,NA,NA,NA,FALSE,0,NA,"2016-01-06",FALSE,FALSE,0,NA,NA,NA,NA,0,0,NA,NA,NA,NA,0,0,"2016-01-06",NA,NA,NA,NA
"97","xiu",NA,NA,NA,NA,NA,NA,NA,NA,NA,NA,NA,NA,NA,97,NA,NA,NA,"CR","2015-11-13","2023-04-03",2698,NA,NA,NA,NA,FALSE,0,NA,"2016-11-12",TRUE,FALSE,0,NA,NA,NA,NA,0,0,1,1,"2022-05-17","2022-05-17",9,5,"2016-11-12",NA,NA,321,321
"98","bas",NA,NA,NA,NA,NA,NA,NA,NA,NA,NA,NA,NA,NA,98,NA,"CR",NA,"BD","2017-05-05","2021-02-19",1386,NA,NA,NA,NA,FALSE,0,NA,"2018-05-05",TRUE,FALSE,0,NA,NA,NA,NA,0,0,0.773,0.647,"2021-01-21","2021-01-21",55,40,"2018-05-05",NA,NA,29,29
"99","olo","KB",0,0,0,0,0,0,0,0,0,0,12,27,99,NA,NA,NA,"KB","2015-04-03","2015-05-25",52,NA,NA,NA,NA,FALSE,0,NA,"2016-04-02",FALSE,TRUE,2,0.682,0.864,"2015-05-25","2015-05-25",2,2,0.682,0.864,"2015-05-25","2015-05-25",2,2,"2016-04-02",313,313,0,0
"100","ati","KB",0.05,0.05,0.0166666666666667,0.0833333333333333,0,0.0833333333333333,0.0291739687459387,3,3,1,60,25,100,NA,NA,NA,"KB","2015-04-28","2016-01-25",272,NA,NA,NA,NA,FALSE,0,NA,"2016-04-27",TRUE,TRUE,2,0.632,1,"2015-12-17","2015-12-17",2,2,0.632,1,"2015-12-17","2015-12-17",2,2,"2016-04-27",132,132,39,39
"101","lif","KB",0.285714285714286,0.25,0.116071428571429,0.478260869565217,0.347826086956522,0.565217391304348,0.451828497685743,32,28,13,112,24,101,NA,NA,NA,"KB","2015-04-28","2021-05-31",2225,NA,NA,NA,NA,FALSE,0,NA,"2016-04-27",TRUE,TRUE,9,1,0.332,"2016-04-19","2015-11-03",25,9,1,0.332,"2021-05-31","2015-11-03",105,9,"2016-04-27",8,176,0,2036
"102","oka","KB",0.2,0.2,0.133333333333333,0.0769230769230769,0.0384615384615385,0.0769230769230769,0.111775076542207,3,3,2,15,27,102,NA,NA,NA,"KB","2015-05-04","2015-10-29",178,NA,NA,NA,NA,FALSE,0,NA,"2016-05-03",FALSE,TRUE,4,0.605,0.573,"2015-08-03","2015-08-03",4,4,0.605,0.573,"2015-08-03","2015-08-03",4,4,"2016-05-03",274,274,87,87
"103","wes",NA,NA,NA,NA,NA,NA,NA,NA,NA,NA,NA,NA,NA,103,NA,NA,"2015-05-20","LT","2015-05-20","2018-02-20",1007,"2018-05-20",NA,NA,NA,FALSE,0,NA,"2016-05-19",TRUE,FALSE,0,NA,NA,NA,NA,0,0,NA,NA,NA,NA,0,0,"2016-05-19",NA,NA,NA,NA
"104","col","KB",0.132075471698113,0.0754716981132075,0.113207547169811,0.166666666666667,0.208333333333333,0.25,0.200641629159845,7,4,6,53,25,104,NA,NA,NA,"KB","2015-05-25","2016-05-11",352,NA,NA,NA,NA,FALSE,0,NA,"2016-05-24",TRUE,TRUE,4,0,0,"2015-12-17","2015-12-17",4,4,0,0,"2015-12-17","2015-12-17",4,4,"2016-05-24",159,159,146,146
"105","van",NA,NA,NA,NA,NA,NA,NA,NA,NA,NA,NA,NA,NA,105,NA,NA,NA,"CR","2015-09-01","2018-05-28",1000,NA,NA,NA,NA,FALSE,0,NA,"2016-08-31",TRUE,FALSE,0,NA,NA,NA,NA,0,0,NA,NA,NA,NA,0,0,"2016-08-31",NA,NA,NA,NA
"106","pia",NA,NA,NA,NA,NA,NA,NA,NA,NA,NA,NA,NA,NA,106,NA,NA,NA,"CR","2015-09-26","2016-07-15",293,NA,NA,NA,NA,FALSE,0,NA,"2016-09-25",FALSE,FALSE,0,NA,NA,NA,NA,0,0,NA,NA,NA,NA,0,0,"2016-09-25",NA,NA,NA,NA
"107","zav",NA,NA,NA,NA,NA,NA,NA,NA,NA,NA,NA,NA,NA,107,NA,NA,NA,"CR","2015-10-28","2017-02-17",478,NA,NA,NA,NA,FALSE,0,NA,"2016-10-27",TRUE,FALSE,0,NA,NA,NA,NA,0,0,NA,NA,NA,NA,0,0,"2016-10-27",NA,NA,NA,NA
"108","ula",NA,NA,NA,NA,NA,NA,NA,NA,NA,NA,NA,NA,NA,108,"Uppsala","NH","2015-11-16","IF","2020-12-09","2021-01-15",37,"2018-11-16",TRUE,1097,"upps",TRUE,1097,0.71,"2021-12-09",FALSE,FALSE,0,NA,NA,NA,NA,0,0,NA,NA,NA,NA,0,0,"2021-12-09",NA,NA,NA,NA
"109","pru",NA,NA,NA,NA,NA,NA,NA,NA,NA,NA,NA,NA,NA,109,"Pretoria","NH","2015-11-23","IF","2020-12-09","2024-02-20",1168,"2018-11-23",TRUE,1097,"pret",TRUE,1097,0.42,"2021-12-09",TRUE,FALSE,0,NA,NA,NA,NA,0,0,0.891,0,"2024-01-18","2023-03-24",5,1,"2021-12-09",NA,NA,33,333
"110","rey",NA,NA,NA,NA,NA,NA,NA,NA,NA,NA,NA,NA,NA,110,"Reva","NH","2015-11-23","IF","2020-12-09","2022-05-22",529,"2018-11-23",TRUE,1097,"reva",TRUE,1097,0.129,"2021-12-09",TRUE,FALSE,0,NA,NA,NA,NA,0,0,NA,NA,NA,NA,0,0,"2021-12-09",NA,NA,NA,NA
"111","kau",NA,NA,NA,NA,NA,NA,NA,NA,NA,NA,NA,NA,NA,111,NA,NA,NA,"CR","2015-11-28","2017-01-04",403,NA,NA,NA,NA,FALSE,0,NA,"2016-11-27",TRUE,FALSE,0,NA,NA,NA,NA,0,0,NA,NA,NA,NA,0,0,"2016-11-27",NA,NA,NA,NA
"112","yel",NA,NA,NA,NA,NA,NA,NA,NA,NA,NA,NA,NA,NA,112,NA,NA,NA,"CR","2015-11-28","2017-01-03",402,NA,NA,NA,NA,FALSE,0,NA,"2016-11-27",TRUE,FALSE,0,NA,NA,NA,NA,0,0,NA,NA,NA,NA,0,0,"2016-11-27",NA,NA,NA,NA
"113","rat","LT",0.507462686567164,0.350746268656716,0.402985074626866,0.588235294117647,0.676470588235294,0.705882352941177,0.48695025693334,68,47,54,134,35,113,"Rissiepit","BD","2015-11-30","LT","2021-05-21","2021-12-18",211,"2018-11-30",TRUE,1097,"riss",TRUE,1097,0.203,"2022-05-21",TRUE,TRUE,6,0.404,0.4,"2021-12-10","2021-12-10",11,6,0.404,0.4,"2021-12-10","2021-12-10",11,6,"2022-05-21",162,162,8,8
"114","ber",NA,NA,NA,NA,NA,NA,NA,NA,NA,NA,NA,NA,NA,114,"Barbados","CR","2014-01-01","SplitCR","2017-02-12","2017-04-10",57,"2017-01-01",FALSE,452,"barb",TRUE,452,NA,"2018-02-12",NA,FALSE,0,NA,NA,NA,NA,0,0,NA,NA,NA,NA,0,0,"2018-02-12",NA,NA,NA,NA
"115","umb","BD",0.158536585365854,0.109756097560976,0.0934959349593496,0.318840579710145,0.231884057971014,0.405797101449275,0.115109269992735,39,27,23,246,70,115,"Umnak","CR","2014-01-01","BD","2019-05-27","2023-12-23",1671,"2017-01-01",FALSE,691,"umna",TRUE,691,NA,"2020-05-26",TRUE,TRUE,16,0.571,0.35,"2020-05-25","2020-05-25",26,16,0.616,0.669,"2023-10-17","2023-07-07",106,60,"2020-05-26",1,1,67,169
"116","xia","BD",0.201646090534979,0.185185185185185,0.0740740740740741,0.371428571428571,0.2,0.385714285714286,0.118416815959058,49,45,18,243,71,116,"Xian","NH","2016-11-14","BD","2022-02-14","2022-06-13",119,"2019-11-14",TRUE,1096,"xian",TRUE,1096,0.582,"2023-02-14",TRUE,TRUE,18,0.366,0.136,"2023-01-30","2023-01-30",42,18,0.343,0.11,"2022-06-13","2022-06-13",16,6,"2023-02-14",15,15,0,0
"117","nge","BD",0.269076305220884,0.204819277108434,0.176706827309237,0.414285714285714,0.342857142857143,0.5,0.162462030773819,67,51,44,249,71,117,"Nkosikasi","AK","2016-11-18","BD","2022-02-07","2023-03-01",387,"2019-11-18",FALSE,0,NA,FALSE,0,NA,"2023-02-07",TRUE,TRUE,11,0.26,0,"2023-01-30","2023-01-30",31,11,0.26,0,"2023-01-30","2023-01-30",31,11,"2023-02-07",8,8,30,30
"118","tyl","LT",0.02,0.02,0,0.0263157894736842,0,0.0263157894736842,0.0103920400835945,1,1,0,50,39,118,NA,NA,NA,"LT","2017-05-22","2018-02-07",261,NA,NA,NA,NA,FALSE,0,NA,"2018-05-22",FALSE,TRUE,1,0.374,0.117,"2017-08-30","2017-07-14",5,1,0.374,0.117,"2017-08-30","2017-07-14",5,1,"2018-05-22",265,312,161,208
"119",NA,NA,NA,NA,NA,NA,NA,NA,NA,NA,NA,NA,NA,NA,119,NA,NA,NA,"LT","2017-06-22","2017-07-07",15,NA,NA,NA,NA,FALSE,0,NA,"2018-06-22",FALSE,TRUE,8,NA,NA,NA,NA,NA,NA,NA,NA,NA,NA,NA,NA,"2018-06-22",NA,NA,NA,NA
"120","dok","BD",0.236514522821577,0.16597510373444,0.136929460580913,0.333333333333333,0.347826086956522,0.449275362318841,0.114211146319191,57,40,33,241,70,120,"Dulcina","CR","2014-01-01","BD","2019-05-30","2022-07-21",1148,"2017-01-01",FALSE,1,"dulc",FALSE,1,NA,"2020-05-29",TRUE,TRUE,10,0.561,0.316,"2020-05-20","2020-05-20",21,10,0.496,0.498,"2022-07-15","2022-06-30",66,41,"2020-05-29",9,9,6,21
"121","fen","BD",0.106122448979592,0.073469387755102,0.0571428571428571,0.283333333333333,0.15,0.366666666666667,0.0414265489872397,26,18,14,245,61,121,NA,NA,NA,"BD","2017-09-01","2020-01-10",861,NA,NA,NA,NA,FALSE,0,NA,"2018-09-01",TRUE,TRUE,14,0.476,0.326,"2018-08-04","2018-08-04",14,14,0.435,0.213,"2019-11-13","2019-11-13",39,26,"2018-09-01",28,28,58,58
"122","kom",NA,NA,NA,NA,NA,NA,NA,NA,NA,NA,NA,NA,NA,122,NA,NA,NA,"AK","2019-10-09","2019-10-09",0,NA,NA,NA,NA,FALSE,0,NA,"2020-10-08",TRUE,FALSE,0,NA,NA,NA,NA,0,0,NA,NA,NA,NA,0,0,"2020-10-08",NA,NA,NA,NA
"123","aar","IF",0.375,0.375,0.0625,0.166666666666667,0.0555555555555556,0.166666666666667,0.71597923481742,6,6,1,16,19,123,"Aare","KB","2017-10-09","IF","2023-01-30","2023-10-01",244,"2020-10-09",TRUE,1097,"aare",TRUE,1097,0.406,"2024-01-30",FALSE,TRUE,4,1,1,"2023-06-16","2023-06-16",4,4,1,1,"2023-06-16","2023-06-16",4,4,"2024-01-30",228,228,107,107
"124","rocky",NA,NA,NA,NA,NA,NA,NA,NA,NA,NA,NA,NA,NA,124,"Rose-Mary","LT",NA,"LTsplit","2018-02-21","2018-03-03",10,NA,NA,NA,"rose",FALSE,0,NA,"2019-02-21",NA,FALSE,0,NA,NA,NA,NA,0,0,NA,NA,NA,NA,0,0,"2019-02-21",NA,NA,NA,NA
"125","xin","BD",0.202334630350195,0.186770428015564,0.0428015564202335,0.346666666666667,0.16,0.386666666666667,0.093605712956052,52,48,11,257,76,125,"Xian","NH","2017-01-01","BD","2022-07-16","2024-11-25",863,"2020-01-01",TRUE,1096,"xian",TRUE,1096,0.593,"2023-07-16",TRUE,TRUE,14,0.319,0.136,"2023-07-11","2023-07-11",32,14,0.46,0.697,"2024-11-20","2024-11-20",63,35,"2023-07-16",5,5,5,5
"126","nak","BD",0.328,0.264,0.196,0.475524475524476,0.34965034965035,0.531468531468531,0.214471200799961,82,66,49,250,72.5,126,"Nkosikasi","AK","2017-10-31","BD","2022-05-06","2023-12-28",601,"2020-10-31",FALSE,0,NA,FALSE,0,NA,"2023-05-06",TRUE,TRUE,18,0.552,0.767,"2023-05-04","2023-04-14",50,18,0.644,0.89,"2023-12-14","2023-12-08",67,30,"2023-05-06",2,22,14,20
"127","bkay17",NA,NA,NA,NA,NA,NA,NA,NA,NA,NA,NA,NA,NA,127,"Kaya","LT","2017-11-04","LTsplit","2018-02-21","2018-03-03",10,"2020-11-04",FALSE,120,"kaya",FALSE,120,0.155,"2019-02-21",NA,FALSE,0,NA,NA,NA,NA,0,0,NA,NA,NA,NA,0,0,"2019-02-21",NA,NA,NA,NA
"128","pun",NA,NA,NA,NA,NA,NA,NA,NA,NA,NA,NA,NA,NA,128,NA,NA,"2018-03-02","BD","2018-03-02","2018-07-24",144,"2021-03-02",NA,NA,NA,FALSE,0,NA,"2019-03-02",FALSE,FALSE,0,NA,NA,NA,NA,0,0,NA,NA,NA,NA,0,0,"2019-03-02",NA,NA,NA,NA
"129","cus","NH",0.179245283018868,0.179245283018868,0.0754716981132075,0.324324324324324,0.189189189189189,0.378378378378378,0.108152331392367,19,19,8,106,38,129,NA,NA,NA,"NH","2018-05-21","2018-12-17",210,NA,NA,NA,NA,FALSE,0,NA,"2019-05-21",TRUE,TRUE,13,0.55,0.211,"2018-11-24","2018-11-22",21,13,0.55,0.211,"2018-11-24","2018-11-22",21,13,"2019-05-21",178,180,23,25
"130","osc",NA,NA,NA,NA,NA,NA,NA,NA,NA,NA,NA,NA,NA,130,NA,NA,NA,"LT","2018-06-07","2019-02-06",244,NA,NA,NA,NA,FALSE,0,NA,"2019-06-07",FALSE,FALSE,0,NA,NA,NA,NA,0,0,NA,NA,NA,NA,0,0,"2019-06-07",NA,NA,NA,NA
"131","ben","LT",0.0423728813559322,0.0254237288135593,0.0169491525423729,0.037037037037037,0.0740740740740741,0.111111111111111,0.0375530225159932,5,3,2,118,28,131,NA,NA,NA,"LT","2018-06-08","2020-07-18",771,NA,NA,NA,NA,FALSE,0,NA,"2019-06-08",TRUE,FALSE,0,0.515,NA,"2019-06-08",NA,10,0,0.924,0.601,"2020-05-26","2020-05-26",27,8,"2019-06-08",0,NA,53,53
"132","guz",NA,NA,NA,NA,NA,NA,NA,NA,NA,NA,NA,NA,NA,132,"Gugu","AK","2018-10-01","IF","2023-05-22","2024-04-17",331,"2021-10-01",FALSE,900,"gugu",FALSE,900,0.91,"2024-05-21",FALSE,FALSE,0,NA,NA,NA,NA,0,0,NA,NA,NA,NA,0,0,"2024-05-21",NA,NA,NA,NA
"133","yaz","BD",0.364406779661017,0.322033898305085,0.211864406779661,0.666666666666667,0.404761904761905,0.714285714285714,0.314188046379553,43,38,25,118,43,133,"Yalu","KB","2018-11-14","BD","2024-04-24","2025-01-09",260,"2021-11-14",FALSE,794,"yalu",FALSE,794,0.985,"2025-04-24",FALSE,TRUE,11,0.464,0.465,"2024-12-17","2024-12-17",16,11,0.464,0.465,"2024-12-17","2024-12-17",16,11,"2025-04-24",128,128,23,23
"134","gil",NA,NA,NA,NA,NA,NA,NA,NA,NA,NA,NA,NA,NA,134,"Ginqinka","AK","2018-11-20","IF","2023-05-22","2024-09-05",472,"2021-11-20",TRUE,1097,"ginq",TRUE,1097,0.698,"2024-05-21",TRUE,FALSE,0,NA,NA,NA,NA,0,0,NA,NA,NA,NA,0,0,"2024-05-21",NA,NA,NA,NA
"135","non",NA,NA,NA,NA,NA,NA,NA,NA,NA,NA,NA,NA,NA,135,"Nooiens","BD","2018-11-22","PR","2024-01-31","2024-01-31",0,"2021-11-22",TRUE,1097,"nooi",TRUE,1097,0.452,"2025-01-30",NA,FALSE,0,NA,NA,NA,NA,0,0,NA,NA,NA,NA,0,0,"2025-01-30",NA,NA,NA,NA
"136","dal","BD",0.134453781512605,0.100840336134454,0.0672268907563025,0.272727272727273,0.207792207792208,0.376623376623377,0.0669159950048477,32,24,16,238,78,136,"Daenerys","LT","2018-11-28","BD","2023-04-25","2024-09-19",513,"2021-11-28",TRUE,1097,"daen",TRUE,1097,0.724,"2024-04-24",TRUE,TRUE,8,0.158,0.063,"2024-04-15","2024-01-06",18,8,0.13,0.1,"2024-05-06","2024-05-06",20,10,"2024-04-24",9,109,136,136
"137","geo","LT",0,0,0,0,0,0,0,0,0,0,134,27,137,NA,NA,NA,"LT","2019-03-18","2022-03-18",1096,NA,NA,NA,NA,FALSE,0,NA,"2020-03-17",TRUE,TRUE,1,0.721,NA,"2020-03-10","2020-03-10",2,1,0.659,NA,"2021-12-10","2021-12-10",21,11,"2020-03-17",7,7,98,98
"138","was","NH",0.058252427184466,0.0388349514563107,0.0388349514563107,0.0909090909090909,0.0909090909090909,0.113636363636364,0.0250693525743214,6,4,4,103,45,138,NA,NA,NA,"NH","2019-03-18","2020-02-26",345,NA,NA,NA,NA,FALSE,0,NA,"2020-03-17",FALSE,TRUE,1,0.538,0.225,"2019-08-30","2019-08-30",1,1,0.538,0.225,"2019-08-30","2019-08-30",1,1,"2020-03-17",200,200,180,180
"139","flu","BD",0.03125,0.0178571428571429,0.0267857142857143,0.072463768115942,0.0869565217391304,0.130434782608696,0.0146855001205774,7,4,6,224,70,139,NA,NA,NA,"BD","2019-04-30","2023-01-13",1354,NA,NA,NA,NA,FALSE,0,NA,"2020-04-29",TRUE,TRUE,8,0.549,0.488,"2020-03-21","2020-03-07",9,8,0.673,0.655,"2022-11-18","2022-11-18",71,53,"2020-04-29",39,53,56,56
"140","kek","AK",0.12258064516129,0.12258064516129,0.0193548387096774,0.344827586206897,0.0689655172413793,0.344827586206897,0.0714341419292612,19,19,3,155,30,140,NA,NA,NA,"AK","2019-05-31","2020-04-18",323,NA,NA,NA,NA,FALSE,0,NA,"2020-05-30",TRUE,TRUE,1,0.53,0,"2020-04-01","2019-09-09",6,1,0.53,0,"2020-04-01","2019-09-09",6,1,"2020-05-30",59,264,17,222
"141","lip",NA,NA,NA,NA,NA,NA,NA,NA,NA,NA,NA,NA,NA,141,NA,NA,NA,"NH","2019-06-01","2020-08-17",443,NA,NA,NA,NA,FALSE,0,NA,"2020-05-31",TRUE,FALSE,0,NA,NA,NA,NA,0,0,NA,NA,NA,NA,0,0,"2020-05-31",NA,NA,NA,NA
"142","oua","NH",0.274611398963731,0.238341968911917,0.145077720207254,0.555555555555556,0.355555555555556,0.622222222222222,0.205481732995461,53,46,28,193,46,142,NA,NA,NA,"NH","2019-06-03","2020-11-30",546,NA,NA,NA,NA,FALSE,0,NA,"2020-06-02",TRUE,TRUE,10,0.712,0.431,"2020-06-02","2020-05-27",28,10,0.954,1,"2020-11-17","2020-11-07",47,23,"2020-06-02",0,6,13,23
"143","tas",NA,NA,NA,NA,NA,NA,NA,NA,NA,NA,NA,NA,NA,143,NA,NA,NA,"LT","2019-12-04","2021-11-23",720,NA,NA,NA,NA,FALSE,0,NA,"2020-12-03",TRUE,FALSE,0,NA,NA,NA,NA,0,0,NA,NA,NA,NA,0,0,"2020-12-03",NA,NA,NA,NA
"144","tam","NH",0.0442477876106195,0.0442477876106195,0.0132743362831858,0.217391304347826,0.0652173913043478,0.239130434782609,0.0120215267559052,10,10,3,226,47,144,NA,NA,NA,"NH","2020-05-15","2023-03-03",1022,NA,NA,NA,NA,FALSE,0,NA,"2021-05-15",TRUE,TRUE,6,0.113,0.3,"2021-05-10","2021-05-10",10,6,0.255,0.457,"2022-12-14","2022-12-14",35,21,"2021-05-15",5,5,79,79
"145","utr","NH",0.120689655172414,0.103448275862069,0.0517241379310345,0.41304347826087,0.217391304347826,0.5,0.0445367544363569,28,24,12,232,47,145,NA,NA,NA,"NH","2020-06-02","2020-10-15",135,NA,NA,NA,NA,FALSE,0,NA,"2021-06-02",TRUE,TRUE,6,0.492,1,"2021-05-28","2021-05-28",12,6,NA,NA,NA,NA,0,0,"2021-06-02",5,5,NA,NA
"146","vla","NH",0.0869565217391304,0.0652173913043478,0.0434782608695652,0.282608695652174,0.195652173913043,0.369565217391304,0.0174056445436344,20,15,10,230,47,146,NA,NA,NA,"NH","2020-05-28","2021-06-11",379,NA,NA,NA,NA,FALSE,0,NA,"2021-05-28",TRUE,TRUE,8,0.135,0.223,"2021-05-24","2021-05-24",26,8,0.029,0.068,"2021-05-29","2021-05-29",27,9,"2021-05-28",4,4,13,13
"147","fle","NH",0.239495798319328,0.205882352941176,0.138655462184874,0.521739130434783,0.41304347826087,0.608695652173913,0.102956571900498,57,49,33,238,47,147,NA,NA,NA,"NH","2020-07-31","2021-11-04",461,NA,NA,NA,NA,FALSE,0,NA,"2021-07-31",TRUE,TRUE,16,0.051,0.184,"2021-07-28","2021-07-28",22,16,0.052,0.276,"2021-10-04","2021-10-04",26,19,"2021-07-31",3,3,31,31
"148","war","NH",0.188755020080321,0.160642570281124,0.100401606425703,0.488372093023256,0.395348837209302,0.581395348837209,0.078045219351671,47,40,25,249,44,148,NA,NA,NA,"NH","2020-09-23","2021-12-20",453,NA,NA,NA,NA,FALSE,0,NA,"2021-09-23",TRUE,TRUE,9,0.171,0.428,"2021-09-20","2021-09-17",20,9,0.243,0.428,"2021-12-16","2021-09-17",22,9,"2021-09-23",3,6,4,94
"149","mui",NA,NA,NA,NA,NA,NA,NA,NA,NA,NA,NA,NA,NA,149,"Mielies","BD","2020-11-25","PR","2024-01-31","2024-01-31",0,"2023-11-25",TRUE,1096,"miel",TRUE,1096,0.236,"2025-01-30",NA,FALSE,0,NA,NA,NA,NA,0,0,NA,NA,NA,NA,0,0,"2025-01-30",NA,NA,NA,NA
"150","sio","NH",0.267857142857143,0.227678571428571,0.169642857142857,0.465116279069767,0.488372093023256,0.558139534883721,0.112122697706806,60,51,38,224,44,150,NA,NA,NA,"NH","2021-01-15","2021-12-22",341,NA,NA,NA,NA,FALSE,0,NA,"2022-01-15",FALSE,TRUE,28,0,0,"2021-11-06","2021-10-27",63,28,0,0,"2021-11-06","2021-10-27",63,28,"2022-01-15",70,80,46,56
"151","rim",NA,NA,NA,NA,NA,NA,NA,NA,NA,NA,NA,NA,NA,151,"Rabat","NH","2021-01-01","RB","2024-02-02","2024-02-02",0,"2024-01-01",TRUE,1096,"raba",TRUE,1096,0.306,"2025-02-01",NA,FALSE,0,NA,NA,NA,NA,0,0,NA,NA,NA,NA,0,0,"2025-02-01",NA,NA,NA,NA
"152","tch","AK",0.195767195767196,0.137566137566138,0.148148148148148,0.571428571428571,0.464285714285714,0.607142857142857,0.100149264059839,37,26,28,189,29,152,NA,NA,NA,"AK","2021-05-11","2022-03-17",310,NA,NA,NA,NA,FALSE,0,NA,"2022-05-11",TRUE,TRUE,6,0.333,1,"2022-02-24","2021-10-09",17,6,0.333,1,"2022-02-24","2021-10-09",17,6,"2022-05-11",76,214,21,159
"153","buk","AK",0.146666666666667,0.115555555555556,0.102222222222222,0.428571428571429,0.392857142857143,0.464285714285714,0.0628405172133519,33,26,23,225,29,153,NA,NA,NA,"AK","2021-05-11","2024-09-09",1217,NA,NA,NA,NA,FALSE,0,NA,"2022-05-11",TRUE,TRUE,4,0.18,0,"2022-05-06","2021-12-21",16,4,0.436,0,"2024-06-05","2024-06-05",106,37,"2022-05-11",5,141,96,96
"154","oke","KB",0.438709677419355,0.283870967741935,0.380645161290323,0.6,0.8,0.8,0.329159891366572,68,44,59,155,21,154,NA,NA,NA,"KB","2021-05-31","2023-01-28",607,NA,NA,NA,NA,FALSE,0,NA,"2022-05-31",TRUE,TRUE,1,0.513,1,"2022-04-16","2022-01-19",6,1,0.435,1,"2022-12-10","2022-11-26",13,3,"2022-05-31",45,132,49,63
"155","eto","KB",0.197916666666667,0.197916666666667,0.0416666666666667,0.368421052631579,0.0526315789473684,0.368421052631579,0.0958403399742271,19,19,4,96,20,155,NA,NA,NA,"KB","2021-06-02","2021-12-10",191,NA,NA,NA,NA,FALSE,0,NA,"2022-06-02",FALSE,TRUE,1,0.531,0,"2021-12-04","2021-11-29",2,1,0.531,NA,"2021-12-04",NA,2,1,"2022-06-02",180,185,6,NA
"156","apa","LT",0.320754716981132,0.226415094339623,0.216981132075472,0.294117647058824,0.382352941176471,0.470588235294118,0.24332915009719,34,24,23,106,35,156,NA,NA,NA,"LT","2021-06-04","2022-07-26",417,NA,NA,NA,NA,FALSE,0,NA,"2022-06-04",TRUE,TRUE,3,0.459,0.609,"2021-11-13","2021-11-13",6,3,0.459,0.609,"2021-11-13","2021-11-13",6,3,"2022-06-04",203,203,255,255
"157","mom","LT",0.135294117647059,0.0941176470588235,0.0882352941176471,0.294117647058824,0.294117647058824,0.441176470588235,0.090304767816532,23,16,15,170,35,157,NA,NA,NA,"LT","2021-06-04","2022-12-19",563,NA,NA,NA,NA,FALSE,0,NA,"2022-06-04",TRUE,TRUE,3,0.32,0.013,"2022-05-03","2021-11-29",5,3,0.32,0.013,"2022-05-03","2021-11-29",5,3,"2022-06-04",32,187,230,385
"158","plainjane",NA,NA,NA,NA,NA,NA,NA,NA,NA,NA,NA,NA,NA,158,NA,"CR",NA,"BD","2023-03-01","2024-04-04",400,NA,NA,NA,NA,FALSE,0,NA,"2024-02-29",TRUE,FALSE,0,NA,NA,NA,NA,0,0,NA,NA,NA,NA,0,0,"2024-02-29",NA,NA,NA,NA
"159","zan_2015",NA,NA,NA,NA,NA,NA,NA,NA,NA,NA,NA,NA,NA,159,NA,NA,NA,"CR","2015-01-01","2015-02-01",31,NA,NA,NA,NA,FALSE,0,NA,"2016-01-01",FALSE,FALSE,0,NA,NA,NA,NA,0,0,NA,NA,NA,NA,0,0,"2016-01-01",NA,NA,NA,NA
"160","hem",NA,NA,NA,NA,NA,NA,NA,NA,NA,NA,NA,NA,NA,160,"Heerlik","BD","2021-11-04","PR","2024-01-31","2024-01-31",0,"2024-11-04",FALSE,1052,"heer",FALSE,1052,0.396,"2025-01-30",NA,FALSE,0,NA,NA,NA,NA,0,0,NA,NA,NA,NA,0,0,"2025-01-30",NA,NA,NA,NA
"161","fur","KB",0.34375,0.28125,0.2578125,0.590909090909091,0.590909090909091,0.727272727272727,0.308863754528306,44,36,33,128,23,161,NA,NA,NA,"KB","2022-03-19","2023-10-14",574,NA,NA,NA,NA,FALSE,0,NA,"2023-03-19",TRUE,TRUE,3,0.323,0.099,"2022-11-26","2022-11-26",6,3,0.788,0.099,"2023-07-21","2022-11-26",9,3,"2023-03-19",113,113,85,322
"162","vry","NH",0.181818181818182,0.126482213438735,0.146245059288538,0.384615384615385,0.384615384615385,0.5,0.084942274476136,46,32,37,253,53,162,NA,NA,NA,"NH","2022-06-10","2024-12-12",916,NA,NA,NA,NA,FALSE,0,NA,"2023-06-10",TRUE,TRUE,23,0.227,0.059,"2023-06-09","2023-06-01",25,23,0.266,0.323,"2024-04-18","2024-03-01",45,35,"2023-06-10",1,9,238,286
"163","erm",NA,NA,NA,NA,NA,NA,NA,NA,NA,NA,NA,NA,NA,163,NA,NA,NA,"NH","2022-06-16","2022-09-09",85,NA,NA,NA,NA,FALSE,0,NA,"2023-06-16",FALSE,FALSE,0,NA,NA,NA,NA,0,0,NA,NA,NA,NA,0,0,"2023-06-16",NA,NA,NA,NA
"164","newmale3",NA,NA,NA,NA,NA,NA,NA,NA,NA,NA,NA,NA,NA,164,NA,NA,NA,"NH","2022-06-16","2022-08-06",51,NA,NA,NA,NA,FALSE,0,NA,"2023-06-16",FALSE,FALSE,0,NA,NA,NA,NA,0,0,NA,NA,NA,NA,0,0,"2023-06-16",NA,NA,NA,NA
"165","eiv","CR",0.0196078431372549,0.0196078431372549,0,0.0263157894736842,0,0.0263157894736842,0.00749117469098759,1,1,0,51,39,165,NA,NA,NA,"CR","2022-06-09","2024-04-04",665,NA,NA,NA,NA,FALSE,0,NA,"2023-06-09",TRUE,TRUE,1,0.675,0.596,"2023-06-09","2023-06-09",1,1,0.675,0.596,"2023-06-09","2023-06-09",1,1,"2023-06-09",0,0,300,300
"166","rya",NA,NA,NA,NA,NA,NA,NA,NA,NA,NA,NA,NA,NA,166,NA,NA,NA,"LT","2022-06-06","2023-02-01",240,NA,NA,NA,NA,FALSE,0,NA,"2023-06-06",TRUE,FALSE,0,NA,NA,NA,NA,0,0,NA,NA,NA,NA,0,0,"2023-06-06",NA,NA,NA,NA
"167","que","KB",0.24822695035461,0.226950354609929,0.120567375886525,0.583333333333333,0.375,0.625,0.150056288512792,35,32,17,141,25,167,NA,NA,NA,"KB","2022-05-18","2025-02-27",1016,NA,NA,NA,NA,FALSE,0,NA,"2023-05-18",TRUE,TRUE,5,0.241,0.639,"2023-04-25","2023-04-25",25,5,0.192,0,"2024-08-26","2024-08-26",42,15,"2023-05-18",23,23,185,185
"168","dak","NH",0.0871794871794872,0.0769230769230769,0.0564102564102564,0.245283018867925,0.150943396226415,0.245283018867925,0.0434546868932713,17,15,11,195,54,168,NA,NA,NA,"NH","2022-09-10","2023-09-05",360,NA,NA,NA,NA,FALSE,0,NA,"2023-09-10",FALSE,TRUE,3,0.235,0.397,"2023-06-21","2023-06-02",15,3,0.235,0.397,"2023-06-21","2023-06-02",15,3,"2023-09-10",81,100,76,95
"169","sta","LT",0.0483870967741935,0.0483870967741935,0.032258064516129,0.0547945205479452,0.0273972602739726,0.0547945205479452,0.0849344139554951,3,3,2,62,37.5,169,NA,NA,NA,"LT","2022-07-29","2023-12-15",504,NA,NA,NA,NA,FALSE,0,NA,"2023-07-29",TRUE,FALSE,0,0.467,NA,"2023-04-04",NA,4,0,0.467,NA,"2023-04-04",NA,4,0,"2023-07-29",116,NA,255,NA
"170","kny","NH",0.2125,0.183333333333333,0.133333333333333,0.538461538461538,0.423076923076923,0.576923076923077,0.141020104514794,51,44,32,240,53,170,NA,NA,NA,"NH","2022-10-17","2025-03-20",885,NA,NA,NA,NA,FALSE,0,NA,"2023-10-17",TRUE,TRUE,5,0.256,0.172,"2023-10-13","2023-08-11",12,5,0.44,0.127,"2025-03-18","2025-03-18",29,13,"2023-10-17",4,67,2,2
"171","kno","BD",0.122362869198312,0.113924050632911,0.0168776371308017,0.25974025974026,0.051948051948052,0.285714285714286,0.0658856652193385,29,27,4,237,78,171,NA,NA,NA,"BD","2022-11-07","2024-01-19",438,NA,NA,NA,NA,FALSE,0,NA,"2023-11-07",TRUE,TRUE,9,0.288,0.178,"2023-10-12","2023-06-22",15,9,0.23,0.178,"2023-12-19","2023-06-22",16,9,"2023-11-07",26,138,31,211
"172","ves",NA,NA,NA,NA,NA,NA,NA,NA,NA,NA,NA,NA,NA,172,NA,NA,NA,"CR","2021-05-25","2022-12-08",562,NA,NA,NA,NA,FALSE,0,NA,"2022-05-25",TRUE,FALSE,0,NA,NA,NA,NA,0,0,NA,NA,NA,NA,0,0,"2022-05-25",NA,NA,NA,NA
"173","bob","BD",0.162790697674419,0.13953488372093,0.0755813953488372,0.220779220779221,0.142857142857143,0.272727272727273,0.0578625132455355,28,24,13,172,78,173,NA,NA,NA,"BD","2023-04-08","2024-01-15",282,NA,NA,NA,NA,FALSE,0,NA,"2024-04-07",FALSE,TRUE,5,0.314,0.224,"2023-12-08","2023-12-08",9,5,0.314,0.224,"2023-12-08","2023-12-08",9,5,"2024-04-07",121,121,38,38
"174","cai","NH",0.288461538461538,0.278846153846154,0.0865384615384615,0.365384615384615,0.115384615384615,0.384615384615385,0.198350279882108,30,29,9,104,53,174,NA,NA,NA,"NH","2023-03-25","2023-10-31",220,NA,NA,NA,NA,FALSE,0,NA,"2024-03-24",FALSE,TRUE,7,0.287,0.347,"2023-08-11","2023-06-14",14,7,0.287,0.347,"2023-08-11","2023-06-14",14,7,"2024-03-24",226,284,81,139
"175","hav","NH",0.32967032967033,0.318681318681319,0.0659340659340659,0.25,0.0961538461538462,0.269230769230769,0.184663330845819,30,29,6,91,53,175,NA,NA,NA,"NH","2023-03-25","2024-10-25",580,NA,NA,NA,NA,FALSE,0,NA,"2024-03-24",TRUE,TRUE,11,0.121,0.155,"2023-07-27","2023-07-27",16,11,0.121,0.155,"2023-07-27","2023-07-27",16,11,"2024-03-24",241,241,456,456
"176","san","IF",0,0,0,0,0,0,0,0,0,0,5,22,176,NA,NA,NA,"IF","2023-04-10","2023-08-04",116,NA,NA,NA,NA,FALSE,0,NA,"2024-04-09",TRUE,TRUE,2,0.672,0.471,"2023-05-11","2023-05-11",2,2,0.672,0.471,"2023-05-11","2023-05-11",2,2,"2024-04-09",334,334,85,85
"177","tho",NA,NA,NA,NA,NA,NA,NA,NA,NA,NA,NA,NA,NA,177,NA,NA,NA,"IF","2023-04-14","2023-08-04",112,NA,NA,NA,NA,FALSE,0,NA,"2024-04-13",FALSE,FALSE,0,NA,NA,NA,NA,0,0,NA,NA,NA,NA,0,0,"2024-04-13",NA,NA,NA,NA
"178","tot","BD",0.125,0.114130434782609,0.0380434782608696,0.246753246753247,0.103896103896104,0.272727272727273,0.0760790054520178,23,21,7,184,78,178,NA,NA,NA,"BD","2023-04-14","2024-01-23",284,NA,NA,NA,NA,FALSE,0,NA,"2024-04-13",FALSE,TRUE,5,0.21,0.159,"2024-01-15","2023-12-08",10,5,0.21,0.159,"2024-01-15","2023-12-08",10,5,"2024-04-13",89,127,8,46
"179","win","BD",0.11038961038961,0.0779220779220779,0.0714285714285714,0.142857142857143,0.142857142857143,0.207792207792208,0.0776983418529403,17,12,11,154,78,179,NA,NA,NA,"BD","2023-04-15","2023-12-23",252,NA,NA,NA,NA,FALSE,0,NA,"2024-04-14",TRUE,TRUE,5,0.29,0.164,"2023-11-21","2023-06-29",6,5,0.29,0.164,"2023-11-21","2023-06-29",6,5,"2024-04-14",145,290,32,177
"180","bra","BD",0.0979591836734694,0.0897959183673469,0.0408163265306122,0.194805194805195,0.116883116883117,0.233766233766234,0.0751459463767604,24,22,10,245,78,180,NA,NA,NA,"BD","2023-04-17","2024-11-25",588,NA,NA,NA,NA,FALSE,0,NA,"2024-04-16",TRUE,TRUE,6,0.181,0.481,"2024-04-16","2023-12-08",11,6,0.626,1,"2024-11-20","2024-11-20",25,15,"2024-04-16",0,130,5,5
"181","boo","BD",0.210743801652893,0.181818181818182,0.136363636363636,0.383561643835616,0.301369863013699,0.397260273972603,0.152766536136254,51,44,33,242,74,181,NA,NA,NA,"BD","2023-07-15","2025-05-22",677,NA,NA,NA,NA,FALSE,0,NA,"2024-07-14",TRUE,TRUE,8,0.393,0.545,"2024-07-08","2024-07-08",15,8,0.426,0.678,"2025-04-01","2025-04-01",20,12,"2024-07-14",6,6,51,51
"182","ush",NA,NA,NA,NA,NA,NA,NA,NA,NA,NA,NA,NA,NA,182,NA,NA,NA,"RB","2024-02-02","2024-02-02",0,NA,NA,NA,NA,FALSE,0,NA,"2025-02-01",NA,FALSE,0,NA,NA,NA,NA,0,0,NA,NA,NA,NA,0,0,"2025-02-01",NA,NA,NA,NA
"183","oti","KB",0.212121212121212,0.151515151515152,0.0909090909090909,0.25,0.166666666666667,0.291666666666667,0.211381716809556,14,10,6,66,25,183,NA,NA,NA,"KB","2024-04-11","2025-04-01",355,NA,NA,NA,NA,FALSE,0,NA,"2025-04-11",FALSE,FALSE,0,0.648,NA,"2024-10-15",NA,2,0,0.648,NA,"2024-10-15",NA,2,0,"2025-04-11",178,NA,168,NA
"184","map",NA,NA,NA,NA,NA,NA,NA,NA,NA,NA,NA,NA,NA,184,NA,NA,NA,"NH","2024-04-30","2024-07-12",73,NA,NA,NA,NA,FALSE,0,NA,"2025-04-30",FALSE,FALSE,0,NA,NA,NA,NA,0,0,NA,NA,NA,NA,0,0,"2025-04-30",NA,NA,NA,NA
"185","lop",NA,NA,NA,NA,NA,NA,NA,NA,NA,NA,NA,NA,NA,185,NA,NA,NA,"BD","2025-05-05","2025-05-13",8,NA,NA,NA,NA,FALSE,0,NA,"2026-05-05",NA,FALSE,0,NA,NA,NA,NA,0,0,NA,NA,NA,NA,0,0,"2026-05-05",NA,NA,NA,NA
"186","san_2011","AK",0.0348837209302326,0.0348837209302326,0.0116279069767442,0.2,0.04,0.2,0.00158568544168373,3,3,1,86,26,186,NA,NA,NA,"AK","2011-01-18","2012-12-14",696,NA,NA,NA,NA,FALSE,0,NA,"2012-01-18",TRUE,TRUE,4,0.648,0.685,"2011-12-15","2011-12-15",12,4,0.855,1,"2012-11-09","2012-11-09",34,23,"2012-01-18",34,34,35,35
